_id,link,images,name,parameters,price
5ed41359f8d8ac174e495051,https://leroymerlin.ru/product/doska-stroganaya-20h96h3000-mm-hvoya-sort-optima-81947452/,"[{""url"":""https://res.cloudinary.com/lmru/image/upload/f_auto,q_auto,w_2000,h_2000,c_pad,b_white,d_photoiscoming.png/LMCode/81947452.jpg"",""path"":""Доска строганая 20х96х3000 мм хвоя сорт Оптима/81947452.jpg"",""checksum"":""c73e8244534b0827a8e829026a0b69f6""},{""url"":""https://res.cloudinary.com/lmru/image/upload/f_auto,q_auto,w_2000,h_2000,c_pad,b_white,d_photoiscoming.png/LMCode/81947452_01.jpg"",""path"":""Доска строганая 20х96х3000 мм хвоя сорт Оптима/81947452_01.jpg"",""checksum"":""67feeb3bc9e5c2d5ffaa1bfc99951d9f""}]",Доска строганая 20х96х3000 мм хвоя сорт Оптима,"[{""Вес, кг"":""2.59"",""Длина (м)"":""3.0"",""Ширина (мм)"":""96.0"",""Толщина (мм)"":""20.0"",""Порода древесины"":""Сосна, Ель обыкновенная"",""Тип древесины"":""Массив"",""Страна производства"":""Россия""}]",140
5ed4135df8d8ac174e495053,https://leroymerlin.ru/product/doska-stroganaya-20h96h3000-mm-hvoya-82134775/,"[{""url"":""https://res.cloudinary.com/lmru/image/upload/f_auto,q_auto,w_2000,h_2000,c_pad,b_white,d_photoiscoming.png/LMCode/82134775.jpg"",""path"":""Доска строганая 20х96х3000 мм хвоя/82134775.jpg"",""checksum"":""ea5afe079010c0ccb7059a590ea0d7e6""},{""url"":""https://res.cloudinary.com/lmru/image/upload/f_auto,q_auto,w_2000,h_2000,c_pad,b_white,d_photoiscoming.png/LMCode/82134775_01.jpg"",""path"":""Доска строганая 20х96х2000 мм хвоя/82134775_01.jpg"",""checksum"":""6439f4b9e19a4c368302c1d6ca040e79""}]",Доска строганая 20х96х3000 мм хвоя,"[{""Вес, кг"":""2.6"",""Длина (м)"":""3.0"",""Ширина (мм)"":""96.0"",""Толщина (мм)"":""20.0"",""Порода древесины"":""Сосна, Ель обыкновенная"",""Страна производства"":""Россия""}]",140
5ed41360f8d8ac174e495056,https://leroymerlin.ru/product/doska-s-faskoy-43h192h2000-mm-listvennica-sort-optima-81950027/,"[{""url"":""https://res.cloudinary.com/lmru/image/upload/f_auto,q_auto,w_2000,h_2000,c_pad,b_white,d_photoiscoming.png/LMCode/81950027.jpg"",""path"":""Доска строганая 20х146х3000 мм хвоя/81950027.jpg"",""checksum"":""8dd4415600a582f40757911aa4131c91""},{""url"":""https://res.cloudinary.com/lmru/image/upload/f_auto,q_auto,w_2000,h_2000,c_pad,b_white,d_photoiscoming.png/LMCode/81950027_01.jpg"",""path"":""Доска с фаской 43х140х2000 мм лиственница сорт Оптима/81950027_01.jpg"",""checksum"":""553c11113434aabc689768d9859ca9d0""}]",Доска с фаской 43х192х2000 мм лиственница сорт Оптима,"[{""Страна производства"":""Россия"",""Гарантия (лет)"":""Отсутствует"",""Цвет"":""Бежевый"",""Основной материал"":""Дерево"",""Содержит древесину"":""Да"",""Порода древесины"":""Лиственница"",""Качество древесины (ЛМРУ)"":""Оптима"",""Тип древесины"":""Массив"",""Нескользящая поверхность"":""Нет"",""Влажность (%)"":""18.0"",""Твердость дерева (по Бриннелю)"":""2.5"",""Обработка"":""Камерная сушка"",""Процесс обработки"":""Нет"",""Требуется пропитка"":""Да"",""Требуется защита от"":""Влага"",""Двухсторонний"":""Нет"",""Влагостойкий"":""Нет"",""Применение продукта"":""Бытовой"",""Площадь покрытия продуктом (м²)"":""0.384"",""Толщина (мм)"":""43.0"",""Ширина (см)"":""19.2"",""Длина (см)"":""200.0"",""Тип монтажа"":""Скрытый"",""Укладка на бетон"":""На обрешетку из деревянных брусков"",""Укладка на мягкий грунт"":""На обрешетку из деревянных брусков"",""Расстояние между лагами (см)"":""40"",""Расстояние между креплениями (см)"":""40.0"",""Язык инструкции"":""Русский"",""Язык упаковки"":""Русский"",""Вес, кг"":""10.73"",""Ширина товара в индивидуальной упаковке (см)"":""19.2"",""Высота товара в индивидуальной упаковке (см)"":""4.3"",""Глубина товара в индивидуальной упаковке (см)"":""200.0""}]",646
5ed41362f8d8ac174e495059,https://leroymerlin.ru/product/doska-stroganaya-20h96h2000-mm-hvoya-82134774/,"[{""url"":""https://res.cloudinary.com/lmru/image/upload/f_auto,q_auto,w_2000,h_2000,c_pad,b_white,d_photoiscoming.png/LMCode/82134774.jpg"",""path"":""Доска нестроганая 25х150х3000 мм хвоя сорт Оптима/82134774.jpg"",""checksum"":""1bf67126934bbe5e3140291040a24006""},{""url"":""https://res.cloudinary.com/lmru/image/upload/f_auto,q_auto,w_2000,h_2000,c_pad,b_white,d_photoiscoming.png/LMCode/82134774_01.jpg"",""path"":""Доска строганая 40х96х3000 мм хвоя/82134774_01.jpg"",""checksum"":""89f335cf2365686e18f2cd6b35d78ea3""}]",Доска строганая 20х96х2000 мм хвоя,"[{""Вес, кг"":""1.72"",""Длина (м)"":""2.0"",""Ширина (мм)"":""96.0"",""Толщина (мм)"":""20.0"",""Количество в наборе"":""1"",""Порода древесины"":""Сосна, Ель обыкновенная"",""Страна производства"":""Россия""}]",90
5ed41365f8d8ac174e49505b,https://leroymerlin.ru/product/doska-stroganaya-20h146h3000-mm-hvoya-82134777/,"[{""url"":""https://res.cloudinary.com/lmru/image/upload/f_auto,q_auto,w_2000,h_2000,c_pad,b_white,d_photoiscoming.png/LMCode/82134777.jpg"",""path"":""Доска нестроганая, 25х75х3000мм, хвоя/82134777.jpg"",""checksum"":""9e6c57117d7c28732289f077526c8d50""},{""url"":""https://res.cloudinary.com/lmru/image/upload/f_auto,q_auto,w_2000,h_2000,c_pad,b_white,d_photoiscoming.png/LMCode/82134777_01.jpg"",""path"":""Планкен прямой  лиственница 20x140x3000 мм сорт Оптима 5 шт. 2.1 м²/82134777_01.jpg"",""checksum"":""86ffee74545177865ec912625ae9539e""}]",Доска строганая 20х146х3000 мм хвоя,"[{""Вес, кг"":""4.33"",""Длина (м)"":""3.0"",""Ширина (мм)"":""146.0"",""Толщина (мм)"":""20.0"",""Порода древесины"":""Ель обыкновенная, Сосна"",""Страна производства"":""Россия""}]",248
5ed41367f8d8ac174e49505d,https://leroymerlin.ru/product/doska-s-faskoy-43h140h2000-mm-listvennica-sort-optima-81950025/,"[{""url"":""https://res.cloudinary.com/lmru/image/upload/f_auto,q_auto,w_2000,h_2000,c_pad,b_white,d_photoiscoming.png/LMCode/81950025.jpg"",""path"":""Планкен прямой  лиственница 20x140x3000 мм сорт Оптима 5 шт. 2.1 м²/81950025.jpg"",""checksum"":""8dd4415600a582f40757911aa4131c91""},{""url"":""https://res.cloudinary.com/lmru/image/upload/f_auto,q_auto,w_2000,h_2000,c_pad,b_white,d_photoiscoming.png/LMCode/81950025_01.jpg"",""path"":""Планкен прямой  лиственница 20x140x3000 мм сорт Оптима 5 шт. 2.1 м²/81950025_01.jpg"",""checksum"":""553c11113434aabc689768d9859ca9d0""}]",Доска с фаской 43х140х2000 мм лиственница сорт Оптима,"[{""Страна производства"":""Россия"",""Гарантия (лет)"":""Отсутствует"",""Цвет"":""Бежевый"",""Основной материал"":""Дерево"",""Содержит древесину"":""Да"",""Порода древесины"":""Лиственница"",""Качество древесины (ЛМРУ)"":""Оптима"",""Тип древесины"":""Массив"",""Нескользящая поверхность"":""Нет"",""Влажность (%)"":""18.0"",""Твердость дерева (по Бриннелю)"":""2.5"",""Обработка"":""Камерная сушка"",""Процесс обработки"":""Нет"",""Требуется пропитка"":""Да"",""Требуется защита от"":""Влага"",""Двухсторонний"":""Нет"",""Влагостойкий"":""Нет"",""Применение продукта"":""Бытовой"",""Площадь покрытия продуктом (м²)"":""0.28"",""Толщина (мм)"":""43.0"",""Длина (см)"":""200.0"",""Тип монтажа"":""Скрытый"",""Укладка на бетон"":""На обрешетку из деревянных брусков"",""Укладка на мягкий грунт"":""На обрешетку из деревянных брусков"",""Расстояние между лагами (см)"":""40"",""Расстояние между креплениями (см)"":""40.0"",""Язык инструкции"":""Русский"",""Язык упаковки"":""Русский"",""Вес, кг"":""7.83"",""Ширина товара в индивидуальной упаковке (см)"":""14.0"",""Высота товара в индивидуальной упаковке (см)"":""4.3"",""Глубина товара в индивидуальной упаковке (см)"":""200.0""}]",470
5ed41369f8d8ac174e49505f,https://leroymerlin.ru/product/doska-nestroganaya-25h150h3000-mm-hvoya-sort-optima-81947446/,"[{""url"":""https://res.cloudinary.com/lmru/image/upload/f_auto,q_auto,w_2000,h_2000,c_pad,b_white,d_photoiscoming.png/LMCode/81947446.jpg"",""path"":""Планкен прямой  лиственница 20x140x3000 мм сорт Оптима 5 шт. 2.1 м²/81947446.jpg"",""checksum"":""d9d31a258f9c6dc0b72709d57b20c056""},{""url"":""https://res.cloudinary.com/lmru/image/upload/f_auto,q_auto,w_2000,h_2000,c_pad,b_white,d_photoiscoming.png/LMCode/81947446_01.jpg"",""path"":""Планкен прямой  лиственница 20x140x3000 мм сорт Оптима 5 шт. 2.1 м²/81947446_01.jpg"",""checksum"":""ffd5501f20e45209b97980c15af09cc0""}]",Доска нестроганая 25х150х3000 мм хвоя сорт Оптима,"[{""Вес, кг"":""5.63"",""Длина (м)"":""3.0"",""Ширина (мм)"":""150.0"",""Толщина (мм)"":""25.0"",""Порода древесины"":""Сосна, Ель обыкновенная"",""Тип древесины"":""Массив"",""Страна производства"":""Россия""}]",250
5ed4136cf8d8ac174e495063,https://leroymerlin.ru/product/doska-stroganaya-40h96h3000-mm-hvoya-82134778/,"[{""url"":""https://res.cloudinary.com/lmru/image/upload/f_auto,q_auto,w_2000,h_2000,c_pad,b_white,d_photoiscoming.png/LMCode/82134778.jpg"",""path"":""Планкен прямой  лиственница 20x140x3000 мм сорт Оптима 5 шт. 2.1 м²/82134778.jpg"",""checksum"":""5849b050a600c56dad3bc0724290c6ed""},{""url"":""https://res.cloudinary.com/lmru/image/upload/f_auto,q_auto,w_2000,h_2000,c_pad,b_white,d_photoiscoming.png/LMCode/82134778_01.jpg"",""path"":""Планкен прямой  лиственница 20x140x3000 мм сорт Оптима 5 шт. 2.1 м²/82134778_01.jpg"",""checksum"":""8e9d4cf2096ecc1d793a2bbe0c887434""}]",Доска строганая 40х96х3000 мм хвоя,"[{""Вес, кг"":""5.18"",""Длина (м)"":""3.0"",""Ширина (мм)"":""96.0"",""Толщина (мм)"":""40.0"",""Количество в наборе"":""1"",""Порода древесины"":""Сосна, Ель обыкновенная"",""Страна производства"":""Россия""}]",268
5ed4136ef8d8ac174e495065,https://leroymerlin.ru/product/doska-nestroganaya-82017666/,"[{""url"":""https://res.cloudinary.com/lmru/image/upload/f_auto,q_auto,w_2000,h_2000,c_pad,b_white,d_photoiscoming.png/LMCode/82017666.jpg"",""path"":""Планкен прямой  лиственница 20x140x3000 мм сорт Оптима 5 шт. 2.1 м²/82017666.jpg"",""checksum"":""0be6aca7a02dd7c026ff0611120547ec""},{""url"":""https://res.cloudinary.com/lmru/image/upload/f_auto,q_auto,w_2000,h_2000,c_pad,b_white,d_photoiscoming.png/LMCode/82017666_01.jpg"",""path"":""Планкен прямой  лиственница 20x140x3000 мм сорт Оптима 5 шт. 2.1 м²/82017666_01.jpg"",""checksum"":""a27cce4de0ea5909e61b07b1c7c6b886""}]","Доска нестроганая, 25х75х3000мм, хвоя","[{""Вес, кг"":""2.5"",""Длина (м)"":""3.0"",""Ширина (мм)"":""75.0"",""Толщина (мм)"":""25.0"",""Количество в наборе"":""1"",""Порода древесины"":""Сосна, Ель обыкновенная"",""Тип древесины"":""Массив"",""Страна производства"":""Россия""}]",135
5ed41377f8d8ac174e495069,https://leroymerlin.ru/product/planken-pryamoy-listvennica-20x140x3000-mm-sort-optima-5-sht-2-1-m-18630027/,"[{""url"":""https://res.cloudinary.com/lmru/image/upload/f_auto,q_auto,w_2000,h_2000,c_pad,b_white,d_photoiscoming.png/LMCode/18630027.jpg"",""path"":""Планкен прямой  лиственница 20х140х3000 мм сорт Прима 5 шт. 0.42 м²/18630027.jpg"",""checksum"":""295269d7bc57d1b69b4e11c8ba906444""},{""url"":""https://res.cloudinary.com/lmru/image/upload/f_auto,q_auto,w_2000,h_2000,c_pad,b_white,d_photoiscoming.png/LMCode/18630027_01.jpg"",""path"":""Планкен прямой  лиственница 20х140х2000 мм сорт Прима 5 шт. 0.28 м²/18630027_01.jpg"",""checksum"":""9862d995075638adfdb0bef37d7e3bd6""},{""url"":""https://res.cloudinary.com/lmru/image/upload/f_auto,q_auto,w_2000,h_2000,c_pad,b_white,d_photoiscoming.png/LMCode/18630027_02.jpg"",""path"":""Планкен прямой Оптима 2000x140x20 мм лиственница, 5 шт./18630027_02.jpg"",""checksum"":""9b45d431f02453c084dab9257eea7ba9""},{""url"":""https://res.cloudinary.com/lmru/image/upload/f_auto,q_auto,w_2000,h_2000,c_pad,b_white,d_photoiscoming.png/LMCode/18630027_03.jpg"",""path"":""Планкен прямой  термо ясень 20x100x2000 мм сорт Оптима 1 шт. 0.2 м²/18630027_03.jpg"",""checksum"":""707940b1826cfc10fa8339020c71fffa""},{""url"":""https://res.cloudinary.com/lmru/image/upload/f_auto,q_auto,w_2000,h_2000,c_pad,b_white,d_photoiscoming.png/LMCode/18630027_04.jpg"",""path"":""Планкен прямой  термо ясень 20x100x2000 мм сорт Оптима 1 шт. 0.2 м²/18630027_04.jpg"",""checksum"":""20577bb1dae5e0ea1f7d27216c395d86""},{""url"":""https://res.cloudinary.com/lmru/image/upload/f_auto,q_auto,w_2000,h_2000,c_pad,b_white,d_photoiscoming.png/LMCode/18630027_i.jpg"",""path"":""Планкен прямой  термо ясень 20x100x2000 мм сорт Оптима 1 шт. 0.2 м²/18630027_i.jpg"",""checksum"":""b7e7a5b74a2159b348f85c20334e4934""},{""url"":""https://res.cloudinary.com/lmru/image/upload/f_auto,q_auto,w_2000,h_2000,c_pad,b_white,d_photoiscoming.png/LMCode/18630027_i_01.jpg"",""path"":""Планкен прямой  термо ясень 20x100x2000 мм сорт Оптима 1 шт. 0.2 м²/18630027_i_01.jpg"",""checksum"":""68abdbecafbaf59963f302b2e2055ede""}]",Планкен прямой  лиственница 20x140x3000 мм сорт Оптима 5 шт. 2.1 м²,"[{""Вес, кг"":""25.2"",""Длина (м)"":""3.0"",""Ширина (мм)"":""140.0"",""Толщина (мм)"":""20.0"",""Порода древесины"":""Лиственница"",""Страна производства"":""Россия""}]",3358
5ed41378f8d8ac174e49506b,https://leroymerlin.ru/product/planken-pryamoy-listvennica-20h140h3000-mm-sort-prima-5-sht-0-42-m-82273430/,"[{""url"":""https://res.cloudinary.com/lmru/image/upload/f_auto,q_auto,w_2000,h_2000,c_pad,b_white,d_photoiscoming.png/LMCode/82273430_tmp.jpg"",""path"":""Планкен прямой  термо ясень 20x100x2000 мм сорт Оптима 1 шт. 0.2 м²/82273430_tmp.jpg"",""checksum"":""44622b9c0ac0784377db57590dc3f4c2""}]",Планкен прямой  лиственница 20х140х3000 мм сорт Прима 5 шт. 0.42 м²,"[{""Вес, кг"":""28.0"",""Длина (м)"":""3.0"",""Ширина (мм)"":""140.0"",""Толщина (мм)"":""20.0"",""Порода древесины"":""Лиственница"",""Тип древесины"":""Массив"",""Страна производства"":""Россия""}]",3005
5ed41379f8d8ac174e49506d,https://leroymerlin.ru/product/planken-pryamoy-listvennica-20h140h2000-mm-sort-prima-5-sht-0-28-m-82273429/,"[{""url"":""https://res.cloudinary.com/lmru/image/upload/f_auto,q_auto,w_2000,h_2000,c_pad,b_white,d_photoiscoming.png/LMCode/82273429_tmp.jpg"",""path"":""Планкен прямой  термо ясень 20x100x2000 мм сорт Оптима 1 шт. 0.2 м²/82273429_tmp.jpg"",""checksum"":""44622b9c0ac0784377db57590dc3f4c2""}]",Планкен прямой  лиственница 20х140х2000 мм сорт Прима 5 шт. 0.28 м²,"[{""Вес, кг"":""18.0"",""Длина (м)"":""2.0"",""Ширина (мм)"":""140.0"",""Толщина (мм)"":""20.0"",""Порода древесины"":""Лиственница"",""Тип древесины"":""Массив"",""Страна производства"":""Россия""}]",1898
5ed41380f8d8ac174e495071,https://leroymerlin.ru/product/planken-pryamoy-optima-2000x140x20-mm-listvennica-81949808/,"[{""url"":""https://res.cloudinary.com/lmru/image/upload/f_auto,q_auto,w_2000,h_2000,c_pad,b_white,d_photoiscoming.png/LMCode/81949808.jpg"",""path"":""Планкен прямой  термо ясень 20x100x2000 мм сорт Оптима 1 шт. 0.2 м²/81949808.jpg"",""checksum"":""20b407b1b794d897359a4e2b4dd2a3a6""},{""url"":""https://res.cloudinary.com/lmru/image/upload/f_auto,q_auto,w_2000,h_2000,c_pad,b_white,d_photoiscoming.png/LMCode/81949808_01.jpg"",""path"":""Планкен прямой  термо ясень 20x100x2000 мм сорт Оптима 1 шт. 0.2 м²/81949808_01.jpg"",""checksum"":""82436eca8005d409e753f818470ad04c""},{""url"":""https://res.cloudinary.com/lmru/image/upload/f_auto,q_auto,w_2000,h_2000,c_pad,b_white,d_photoiscoming.png/LMCode/81949808_02.jpg"",""path"":""Планкен прямой  термо ясень 20x100x2000 мм сорт Оптима 1 шт. 0.2 м²/81949808_02.jpg"",""checksum"":""3a411526956db05d31202f3aa5fdd8fc""},{""url"":""https://res.cloudinary.com/lmru/image/upload/f_auto,q_auto,w_2000,h_2000,c_pad,b_white,d_photoiscoming.png/LMCode/81949808_03.jpg"",""path"":""Доска нестроганая 50х150х6000 мм, хвоя/81949808_03.jpg"",""checksum"":""62869e693b1f646c693e19f5be759d36""},{""url"":""https://res.cloudinary.com/lmru/image/upload/f_auto,q_auto,w_2000,h_2000,c_pad,b_white,d_photoiscoming.png/LMCode/81949808_i.jpg"",""path"":""Полок  планкен  термо хвоя 26x92x3000 мм  1 шт. 0.28 м²/81949808_i.jpg"",""checksum"":""df7a1547d6ee705b645250335b448290""}]","Планкен прямой Оптима 2000x140x20 мм лиственница, 5 шт.","[{""Количество в упаковке (шт)"":""5"",""Страна производства"":""Россия"",""Цвет"":""бежевый"",""Поверхность"":""Гладкий"",""Рабочая площадь (м²)"":""0.28"",""Толщина (мм)"":""100"",""Длина (см)"":""200"",""Ширина (см)"":""14"",""Вес, кг"":""3.14"",""Основной материал"":""Лиственница"",""Установка"":""Зажимы / прибивание / крепление скобами""}]",1128
5ed41386f8d8ac174e495073,https://leroymerlin.ru/product/planken-pryamoy-termo-yasen-20x100x2000-mm-sort-optima-1-sht-0-2-m-82366200/,"[{""url"":""https://res.cloudinary.com/lmru/image/upload/f_auto,q_auto,w_2000,h_2000,c_pad,b_white,d_photoiscoming.png/LMCode/82366200.jpg"",""path"":""Полок  планкен  термо хвоя 26x92x3000 мм  1 шт. 0.28 м²/82366200.jpg"",""checksum"":""0996fc5c2d9d5c29a612e3237f8ce26f""},{""url"":""https://res.cloudinary.com/lmru/image/upload/f_auto,q_auto,w_2000,h_2000,c_pad,b_white,d_photoiscoming.png/LMCode/82366200_01.jpg"",""path"":""Полок  планкен  термо хвоя 26x92x3000 мм  1 шт. 0.28 м²/82366200_01.jpg"",""checksum"":""cf80826b8827f8177c1ee46221bc1360""},{""url"":""https://res.cloudinary.com/lmru/image/upload/f_auto,q_auto,w_2000,h_2000,c_pad,b_white,d_photoiscoming.png/LMCode/82366200_02.jpg"",""path"":""Полок  планкен  термо хвоя 26x92x3000 мм  1 шт. 0.28 м²/82366200_02.jpg"",""checksum"":""e87f0bd29548c2c36bd57be222a0fa56""},{""url"":""https://res.cloudinary.com/lmru/image/upload/f_auto,q_auto,w_2000,h_2000,c_pad,b_white,d_photoiscoming.png/LMCode/82366200_03.jpg"",""path"":""Полок  планкен  термо хвоя 26x92x3000 мм  1 шт. 0.28 м²/82366200_03.jpg"",""checksum"":""e3b465683cc435bd692f29f88fe2b455""},{""url"":""https://res.cloudinary.com/lmru/image/upload/f_auto,q_auto,w_2000,h_2000,c_pad,b_white,d_photoiscoming.png/LMCode/82366200_04.jpg"",""path"":""Полок  планкен  термо хвоя 26x92x3000 мм  1 шт. 0.28 м²/82366200_04.jpg"",""checksum"":""7900c52b3c02fd97b8f9ae57cf65431b""}]",Планкен прямой  термо ясень 20x100x2000 мм сорт Оптима 1 шт. 0.2 м²,"[{""Вес, кг"":""1.5"",""Длина (м)"":""2.0"",""Ширина (мм)"":""100.0"",""Толщина (мм)"":""20.0"",""Порода древесины"":""Каштан"",""Тип древесины"":""Массив"",""Страна производства"":""Россия""}]",1074
5ed41388f8d8ac174e495076,https://leroymerlin.ru/product/doska-nestroganaya-50h150h6000-mm-82205566/,"[{""url"":""https://res.cloudinary.com/lmru/image/upload/f_auto,q_auto,w_2000,h_2000,c_pad,b_white,d_photoiscoming.png/LMCode/82205566.jpg"",""path"":""Полок  планкен  термо хвоя 26x92x3000 мм  1 шт. 0.28 м²/82205566.jpg"",""checksum"":""824962b84df792b2e49591c5f359e3f7""},{""url"":""https://res.cloudinary.com/lmru/image/upload/f_auto,q_auto,w_2000,h_2000,c_pad,b_white,d_photoiscoming.png/LMCode/82205566_01.jpg"",""path"":""Полок  планкен  термо хвоя 26x92x3000 мм  1 шт. 0.28 м²/82205566_01.jpg"",""checksum"":""8da4abf74a72745e09648d63c811ca3a""}]","Доска нестроганая 50х150х6000 мм, хвоя","[{""Вес, кг"":""40.5"",""Длина (м)"":""6.0"",""Ширина (мм)"":""150.0"",""Толщина (мм)"":""50.0"",""Количество в наборе"":""2"",""Порода древесины"":""Сосна, Ель обыкновенная"",""Тип древесины"":""Необработанное дерево"",""Страна производства"":""Россия""}]",912
5ed41391f8d8ac174e495079,https://leroymerlin.ru/product/polok-planken-termo-hvoya-26x92x3000-mm-1-sht-0-28-m-18629974/,"[{""url"":""https://res.cloudinary.com/lmru/image/upload/f_auto,q_auto,w_2000,h_2000,c_pad,b_white,d_photoiscoming.png/LMCode/18629974.jpg"",""path"":""Полок  планкен  термо хвоя 26x92x3000 мм  1 шт. 0.28 м²/18629974.jpg"",""checksum"":""f117f06db5691508901cbcc83cb70e86""},{""url"":""https://res.cloudinary.com/lmru/image/upload/f_auto,q_auto,w_2000,h_2000,c_pad,b_white,d_photoiscoming.png/LMCode/18629974_01.jpg"",""path"":""Полок  планкен  термо хвоя 26x92x2100 мм  1 шт. 0.19 м²/18629974_01.jpg"",""checksum"":""7dbc812e264665fd3c2c3831d464901c""},{""url"":""https://res.cloudinary.com/lmru/image/upload/f_auto,q_auto,w_2000,h_2000,c_pad,b_white,d_photoiscoming.png/LMCode/18629974_02.jpg"",""path"":""Планкен скошенный  лиственница 20х140х3000 мм сорт Оптима 1 шт. 0.42 м²/18629974_02.jpg"",""checksum"":""326bd1fe211b91c98ae3cff340487cbf""},{""url"":""https://res.cloudinary.com/lmru/image/upload/f_auto,q_auto,w_2000,h_2000,c_pad,b_white,d_photoiscoming.png/LMCode/18629974_03.jpg"",""path"":""Планкен скошенный  лиственница 20х140х3000 мм сорт Оптима 1 шт. 0.42 м²/18629974_03.jpg"",""checksum"":""1dc73a30c6bc8581ddb4459173956628""},{""url"":""https://res.cloudinary.com/lmru/image/upload/f_auto,q_auto,w_2000,h_2000,c_pad,b_white,d_photoiscoming.png/LMCode/18629974_04.jpg"",""path"":""Планкен скошенный  лиственница 20х140х3000 мм сорт Оптима 1 шт. 0.42 м²/18629974_04.jpg"",""checksum"":""2f12d7dcf71e8b58fe2cf5760cd9c3d6""},{""url"":""https://res.cloudinary.com/lmru/image/upload/f_auto,q_auto,w_2000,h_2000,c_pad,b_white,d_photoiscoming.png/LMCode/18629974_05.jpg"",""path"":""Планкен прямой  лиственница 20х140х3000 мм сорт Оптима 1 шт. 0.42 м²/18629974_05.jpg"",""checksum"":""4545435e22937a959ce56eb9fb1c9c61""},{""url"":""https://res.cloudinary.com/lmru/image/upload/f_auto,q_auto,w_2000,h_2000,c_pad,b_white,d_photoiscoming.png/LMCode/18629974_i.jpg"",""path"":""Планкен прямой  лиственница 20х140х3000 мм сорт Оптима 1 шт. 0.42 м²/18629974_i.jpg"",""checksum"":""ca9b2261475435ea7f978b7fb8a1c8da""}]",Полок  планкен  термо хвоя 26x92x3000 мм  1 шт. 0.28 м²,"[{""Вес, кг"":""2.87"",""Длина (м)"":""3.0"",""Ширина (мм)"":""92.0"",""Толщина (мм)"":""26.0"",""Порода древесины"":""Сосна"",""Страна производства"":""Россия""}]",787
5ed4139af8d8ac174e49507d,https://leroymerlin.ru/product/polok-planken-termo-hvoya-26x92x2100-mm-1-sht-0-19-m-18629966/,"[{""url"":""https://res.cloudinary.com/lmru/image/upload/f_auto,q_auto,w_2000,h_2000,c_pad,b_white,d_photoiscoming.png/LMCode/18629966.jpg"",""path"":""Планкен прямой  лиственница 20х140х3000 мм сорт Оптима 1 шт. 0.42 м²/18629966.jpg"",""checksum"":""f117f06db5691508901cbcc83cb70e86""},{""url"":""https://res.cloudinary.com/lmru/image/upload/f_auto,q_auto,w_2000,h_2000,c_pad,b_white,d_photoiscoming.png/LMCode/18629966_01.jpg"",""path"":""Планкен прямой  лиственница 20х140х3000 мм сорт Оптима 1 шт. 0.42 м²/18629966_01.jpg"",""checksum"":""7dbc812e264665fd3c2c3831d464901c""},{""url"":""https://res.cloudinary.com/lmru/image/upload/f_auto,q_auto,w_2000,h_2000,c_pad,b_white,d_photoiscoming.png/LMCode/18629966_02.jpg"",""path"":""Планкен прямой  лиственница 20х140х3000 мм сорт Оптима 1 шт. 0.42 м²/18629966_02.jpg"",""checksum"":""326bd1fe211b91c98ae3cff340487cbf""},{""url"":""https://res.cloudinary.com/lmru/image/upload/f_auto,q_auto,w_2000,h_2000,c_pad,b_white,d_photoiscoming.png/LMCode/18629966_03.jpg"",""path"":""Планкен прямой  лиственница 20х140х3000 мм сорт Оптима 1 шт. 0.42 м²/18629966_03.jpg"",""checksum"":""1dc73a30c6bc8581ddb4459173956628""},{""url"":""https://res.cloudinary.com/lmru/image/upload/f_auto,q_auto,w_2000,h_2000,c_pad,b_white,d_photoiscoming.png/LMCode/18629966_04.jpg"",""path"":""Планкен прямой  лиственница 20х140х3000 мм сорт Оптима 1 шт. 0.42 м²/18629966_04.jpg"",""checksum"":""2f12d7dcf71e8b58fe2cf5760cd9c3d6""},{""url"":""https://res.cloudinary.com/lmru/image/upload/f_auto,q_auto,w_2000,h_2000,c_pad,b_white,d_photoiscoming.png/LMCode/18629966_05.jpg"",""path"":""Планкен прямой  лиственница 20х140х3000 мм сорт Оптима 1 шт. 0.42 м²/18629966_05.jpg"",""checksum"":""4545435e22937a959ce56eb9fb1c9c61""},{""url"":""https://res.cloudinary.com/lmru/image/upload/f_auto,q_auto,w_2000,h_2000,c_pad,b_white,d_photoiscoming.png/LMCode/18629966_i.jpg"",""path"":""Планкен прямой  лиственница 20х140х3000 мм сорт Оптима 1 шт. 0.42 м²/18629966_i.jpg"",""checksum"":""20182d5d5299d87d70a8cc4dcefd5589""}]",Полок  планкен  термо хвоя 26x92x2100 мм  1 шт. 0.19 м²,"[{""Вес, кг"":""2.0093"",""Длина (м)"":""2.1"",""Ширина (мм)"":""92.0"",""Толщина (мм)"":""26.0"",""Порода древесины"":""Сосна"",""Страна производства"":""Россия""}]",551
5ed4139ff8d8ac174e495081,https://leroymerlin.ru/product/planken-skoshennyy-listvennica-20h140h3000-mm-sort-optima-1-sht-0-42-m-82270899/,"[{""url"":""https://res.cloudinary.com/lmru/image/upload/f_auto,q_auto,w_2000,h_2000,c_pad,b_white,d_photoiscoming.png/LMCode/82270899.jpg"",""path"":""Планкен прямой  лиственница 20х140х3000 мм сорт Оптима 1 шт. 0.42 м²/82270899.jpg"",""checksum"":""f10d7b647eefca9257b08923e0de6f85""},{""url"":""https://res.cloudinary.com/lmru/image/upload/f_auto,q_auto,w_2000,h_2000,c_pad,b_white,d_photoiscoming.png/LMCode/82270899_01.jpg"",""path"":""Планкен прямой  лиственница 20х140х3000 мм сорт Оптима 1 шт. 0.42 м²/82270899_01.jpg"",""checksum"":""a380d08184bc4da7137ccc6e710fad35""},{""url"":""https://res.cloudinary.com/lmru/image/upload/f_auto,q_auto,w_2000,h_2000,c_pad,b_white,d_photoiscoming.png/LMCode/82270899_02.jpg"",""path"":""Планкен прямой  лиственница 20х140х3000 мм сорт Оптима 1 шт. 0.42 м²/82270899_02.jpg"",""checksum"":""1c8c80f26d66f852085e8d69915c2fe5""},{""url"":""https://res.cloudinary.com/lmru/image/upload/f_auto,q_auto,w_2000,h_2000,c_pad,b_white,d_photoiscoming.png/LMCode/82270899_03.jpg"",""path"":""Планкен скошенный  хвоя 20x146x3000 мм сорт Оптима 1 шт. 0.44 м²/82270899_03.jpg"",""checksum"":""83bb2d7576c3cd8648fdab9952f3619c""},{""url"":""https://res.cloudinary.com/lmru/image/upload/f_auto,q_auto,w_2000,h_2000,c_pad,b_white,d_photoiscoming.png/LMCode/82270899_i.jpg"",""path"":""Планкен прямой  хвоя 20х146х3000 мм сорт Оптима 1 шт. 0.438 м²/82270899_i.jpg"",""checksum"":""216437eb98c5bb41d557cc22ec4e08a5""}]",Планкен скошенный  лиственница 20х140х3000 мм сорт Оптима 1 шт. 0.42 м²,"[{""Вес, кг"":""4.975"",""Длина (м)"":""3.0"",""Ширина (мм)"":""140.0"",""Толщина (мм)"":""20.0"",""Порода древесины"":""Лиственница"",""Тип древесины"":""Массив"",""Страна производства"":""Россия""}]",413
5ed413a5f8d8ac174e495083,https://leroymerlin.ru/product/planken-pryamoy-listvennica-20h140h3000-mm-sort-optima-1-sht-0-42-m-82270898/,"[{""url"":""https://res.cloudinary.com/lmru/image/upload/f_auto,q_auto,w_2000,h_2000,c_pad,b_white,d_photoiscoming.png/LMCode/82270898.jpg"",""path"":""Планкен прямой  хвоя 20х146х3000 мм сорт Оптима 1 шт. 0.438 м²/82270898.jpg"",""checksum"":""92d72c54588435badcb272307e431bc4""},{""url"":""https://res.cloudinary.com/lmru/image/upload/f_auto,q_auto,w_2000,h_2000,c_pad,b_white,d_photoiscoming.png/LMCode/82270898_01.jpg"",""path"":""Планкен прямой  хвоя 20х146х3000 мм сорт Оптима 1 шт. 0.438 м²/82270898_01.jpg"",""checksum"":""ee5082357afeea3c3733a8df53e4a21a""},{""url"":""https://res.cloudinary.com/lmru/image/upload/f_auto,q_auto,w_2000,h_2000,c_pad,b_white,d_photoiscoming.png/LMCode/82270898_02.jpg"",""path"":""Планкен прямой  лиственница 20х140х2000 мм сорт Оптима 1 шт. 0.28 м²/82270898_02.jpg"",""checksum"":""e6dd95ebc0c23a125f994791cf920ddd""},{""url"":""https://res.cloudinary.com/lmru/image/upload/f_auto,q_auto,w_2000,h_2000,c_pad,b_white,d_photoiscoming.png/LMCode/82270898_03.jpg"",""path"":""Планкен скошенный  хвоя 20x146x2000 мм сорт Оптима 1 шт. 0.29 м²/82270898_03.jpg"",""checksum"":""28eb10ddd745e301baef3a970697155a""},{""url"":""https://res.cloudinary.com/lmru/image/upload/f_auto,q_auto,w_2000,h_2000,c_pad,b_white,d_photoiscoming.png/LMCode/82270898_i.jpg"",""path"":""Планкен скошенный  хвоя 20x146x2000 мм сорт Оптима 1 шт. 0.29 м²/82270898_i.jpg"",""checksum"":""5e7ccdeece1101ad6ded6eec6dfee617""}]",Планкен прямой  лиственница 20х140х3000 мм сорт Оптима 1 шт. 0.42 м²,"[{""Вес, кг"":""5.4"",""Длина (м)"":""3.0"",""Ширина (мм)"":""140.0"",""Толщина (мм)"":""20.0"",""Порода древесины"":""Лиственница"",""Тип древесины"":""Массив"",""Страна производства"":""Россия""}]",413
5ed413a9f8d8ac174e495087,https://leroymerlin.ru/product/planken-skoshennyy-hvoya-20x146x3000-mm-sort-optima-1-sht-0-44-m-82366206/,"[{""url"":""https://res.cloudinary.com/lmru/image/upload/f_auto,q_auto,w_2000,h_2000,c_pad,b_white,d_photoiscoming.png/LMCode/82366206.jpg"",""path"":""Планкен скошенный  хвоя 20x146x2000 мм сорт Оптима 1 шт. 0.29 м²/82366206.jpg"",""checksum"":""49fe9a4b0e94916dbac274d3b8ad4d09""},{""url"":""https://res.cloudinary.com/lmru/image/upload/f_auto,q_auto,w_2000,h_2000,c_pad,b_white,d_photoiscoming.png/LMCode/82366206_01.jpg"",""path"":""Планкен скошенный  хвоя 20x146x2000 мм сорт Оптима 1 шт. 0.29 м²/82366206_01.jpg"",""checksum"":""53a96594899848b54e6ff1fa6b38d0c8""},{""url"":""https://res.cloudinary.com/lmru/image/upload/f_auto,q_auto,w_2000,h_2000,c_pad,b_white,d_photoiscoming.png/LMCode/82366206_02.jpg"",""path"":""Планкен скошенный  хвоя 20x146x2000 мм сорт Оптима 1 шт. 0.29 м²/82366206_02.jpg"",""checksum"":""f06d8317533bbe4ec9410699690168d8""}]",Планкен скошенный  хвоя 20x146x3000 мм сорт Оптима 1 шт. 0.44 м²,"[{""Вес, кг"":""4.0"",""Длина (м)"":""3.0"",""Ширина (мм)"":""146.0"",""Толщина (мм)"":""20.0"",""Порода древесины"":""Сосна"",""Тип древесины"":""Массив"",""Страна производства"":""Россия""}]",314
5ed413aaf8d8ac174e495089,https://leroymerlin.ru/product/planken-pryamoy-hvoya-20h146h3000-mm-sort-optima-1-sht-0-438-m-82293927/,"[{""url"":""https://res.cloudinary.com/lmru/image/upload/f_auto,q_auto,w_2000,h_2000,c_pad,b_white,d_photoiscoming.png/LMCode/82293927_tmp.jpg"",""path"":""Планкен скошенный  хвоя 20x146x2000 мм сорт Оптима 1 шт. 0.29 м²/82293927_tmp.jpg"",""checksum"":""0c4a0efdd20da81c553b3dc15a31717f""}]",Планкен прямой  хвоя 20х146х3000 мм сорт Оптима 1 шт. 0.438 м²,"[{""Вес, кг"":""4.0"",""Длина (м)"":""3.0"",""Ширина (мм)"":""146.0"",""Толщина (мм)"":""20.0"",""Порода древесины"":""Сосна, Ель обыкновенная"",""Тип древесины"":""Массив"",""Страна производства"":""Россия""}]",297
5ed413b0f8d8ac174e49508c,https://leroymerlin.ru/product/planken-pryamoy-listvennica-20h140h2000-mm-sort-optima-1-sht-0-28-m-82270929/,"[{""url"":""https://res.cloudinary.com/lmru/image/upload/f_auto,q_auto,w_2000,h_2000,c_pad,b_white,d_photoiscoming.png/LMCode/82270929.jpg"",""path"":""Планкен скошенный  хвоя 20x146x2000 мм сорт Оптима 1 шт. 0.29 м²/82270929.jpg"",""checksum"":""92d72c54588435badcb272307e431bc4""},{""url"":""https://res.cloudinary.com/lmru/image/upload/f_auto,q_auto,w_2000,h_2000,c_pad,b_white,d_photoiscoming.png/LMCode/82270929_01.jpg"",""path"":""Планкен прямой  хвоя 20х96х3000 мм сорт Оптима 1 шт. 0.288 м²/82270929_01.jpg"",""checksum"":""1c451913b60c87f7f6ddc52af57ad1da""},{""url"":""https://res.cloudinary.com/lmru/image/upload/f_auto,q_auto,w_2000,h_2000,c_pad,b_white,d_photoiscoming.png/LMCode/82270929_02.jpg"",""path"":""Планкен прямой  хвоя 20х146х2000 мм сорт Оптима 1 шт. 0.292 м²/82270929_02.jpg"",""checksum"":""e6dd95ebc0c23a125f994791cf920ddd""},{""url"":""https://res.cloudinary.com/lmru/image/upload/f_auto,q_auto,w_2000,h_2000,c_pad,b_white,d_photoiscoming.png/LMCode/82270929_03.jpg"",""path"":""Планкен прямой  хвоя 20х96х2000 мм сорт Оптима 1 шт. 0.192 м²/82270929_03.jpg"",""checksum"":""28eb10ddd745e301baef3a970697155a""},{""url"":""https://res.cloudinary.com/lmru/image/upload/f_auto,q_auto,w_2000,h_2000,c_pad,b_white,d_photoiscoming.png/LMCode/82270929_i.jpg"",""path"":""Планкен прямой  хвоя 20х96х2000 мм сорт Оптима 1 шт. 0.192 м²/82270929_i.jpg"",""checksum"":""5e7ccdeece1101ad6ded6eec6dfee617""}]",Планкен прямой  лиственница 20х140х2000 мм сорт Оптима 1 шт. 0.28 м²,"[{""Вес, кг"":""3.6"",""Длина (м)"":""2.0"",""Ширина (мм)"":""140.0"",""Толщина (мм)"":""20.0"",""Порода древесины"":""Лиственница"",""Тип древесины"":""Массив"",""Страна производства"":""Россия""}]",258
5ed413b4f8d8ac174e49508f,https://leroymerlin.ru/product/planken-skoshennyy-hvoya-20x146x2000-mm-sort-optima-1-sht-0-29-m-82366205/,"[{""url"":""https://res.cloudinary.com/lmru/image/upload/f_auto,q_auto,w_2000,h_2000,c_pad,b_white,d_photoiscoming.png/LMCode/82366205.jpg"",""path"":""Планкен прямой  хвоя 20х96х2000 мм сорт Оптима 1 шт. 0.192 м²/82366205.jpg"",""checksum"":""49fe9a4b0e94916dbac274d3b8ad4d09""},{""url"":""https://res.cloudinary.com/lmru/image/upload/f_auto,q_auto,w_2000,h_2000,c_pad,b_white,d_photoiscoming.png/LMCode/82366205_01.jpg"",""path"":""Планкен прямой  хвоя 20х96х2000 мм сорт Оптима 1 шт. 0.192 м²/82366205_01.jpg"",""checksum"":""53a96594899848b54e6ff1fa6b38d0c8""},{""url"":""https://res.cloudinary.com/lmru/image/upload/f_auto,q_auto,w_2000,h_2000,c_pad,b_white,d_photoiscoming.png/LMCode/82366205_02.jpg"",""path"":""Планкен прямой  хвоя 20х96х2000 мм сорт Оптима 1 шт. 0.192 м²/82366205_02.jpg"",""checksum"":""6e97caf3ade17ce341b43b13b80a37bf""}]",Планкен скошенный  хвоя 20x146x2000 мм сорт Оптима 1 шт. 0.29 м²,"[{""Вес, кг"":""2.5"",""Длина (м)"":""2.0"",""Ширина (мм)"":""146.0"",""Толщина (мм)"":""20.0"",""Порода древесины"":""Сосна"",""Тип древесины"":""Массив"",""Страна производства"":""Россия""}]",198
5ed413b5f8d8ac174e495091,https://leroymerlin.ru/product/planken-pryamoy-hvoya-20h96h3000-mm-sort-optima-1-sht-0-288-m-82293925/,"[{""url"":""https://res.cloudinary.com/lmru/image/upload/f_auto,q_auto,w_2000,h_2000,c_pad,b_white,d_photoiscoming.png/LMCode/82293925_tmp.jpg"",""path"":""Планкен прямой  хвоя 20х96х2000 мм сорт Оптима 1 шт. 0.192 м²/82293925_tmp.jpg"",""checksum"":""f88b643cd2d1dbfc8c32324d5c35d8c0""}]",Планкен прямой  хвоя 20х96х3000 мм сорт Оптима 1 шт. 0.288 м²,"[{""Вес, кг"":""2.5"",""Длина (м)"":""3.0"",""Ширина (мм)"":""96.0"",""Толщина (мм)"":""20.0"",""Порода древесины"":""Сосна, Ель обыкновенная"",""Тип древесины"":""Массив"",""Страна производства"":""Россия""}]",196
5ed413b9f8d8ac174e495093,https://leroymerlin.ru/product/planken-pryamoy-hvoya-20h146h2000-mm-sort-optima-1-sht-0-292-m-82293926/,"[{""url"":""https://res.cloudinary.com/lmru/image/upload/f_auto,q_auto,w_2000,h_2000,c_pad,b_white,d_photoiscoming.png/LMCode/82293926.jpg"",""path"":""Доска нестроганая 25x100x6000 мм xвоя/82293926.jpg"",""checksum"":""bdf6e9469aed0227e8e2734905581b76""},{""url"":""https://res.cloudinary.com/lmru/image/upload/f_auto,q_auto,w_2000,h_2000,c_pad,b_white,d_photoiscoming.png/LMCode/82293926_01.jpg"",""path"":""Доска с фаской 43х192х3000 мм лиственница сорт Оптима/82293926_01.jpg"",""checksum"":""5f22d98b2d5d966c01b32824e71603dd""},{""url"":""https://res.cloudinary.com/lmru/image/upload/f_auto,q_auto,w_2000,h_2000,c_pad,b_white,d_photoiscoming.png/LMCode/82293926_02.jpg"",""path"":""Доска с фаской 43х192х3000 мм лиственница сорт Оптима/82293926_02.jpg"",""checksum"":""faaaebb146253799f6693925477d07ab""}]",Планкен прямой  хвоя 20х146х2000 мм сорт Оптима 1 шт. 0.292 м²,"[{""Вес, кг"":""2.5"",""Длина (м)"":""2.0"",""Ширина (мм)"":""146.0"",""Толщина (мм)"":""20.0"",""Порода древесины"":""Сосна, Ель обыкновенная"",""Тип древесины"":""Массив"",""Страна производства"":""Россия""}]",187
5ed413bff8d8ac174e495097,https://leroymerlin.ru/product/planken-pryamoy-hvoya-20h96h2000-mm-sort-optima-1-sht-0-192-m-82293924/,"[{""url"":""https://res.cloudinary.com/lmru/image/upload/f_auto,q_auto,w_2000,h_2000,c_pad,b_white,d_photoiscoming.png/LMCode/82293924.jpg"",""path"":""Доска с фаской 43х192х3000 мм лиственница сорт Оптима/82293924.jpg"",""checksum"":""919cb912091c084c67cc96be29c8e1cd""},{""url"":""https://res.cloudinary.com/lmru/image/upload/f_auto,q_auto,w_2000,h_2000,c_pad,b_white,d_photoiscoming.png/LMCode/82293924_01.jpg"",""path"":""Доска строганая 20х146х2000 мм хвоя/82293924_01.jpg"",""checksum"":""cc220b9ca19ed9fd771b585ffa5ee85c""},{""url"":""https://res.cloudinary.com/lmru/image/upload/f_auto,q_auto,w_2000,h_2000,c_pad,b_white,d_photoiscoming.png/LMCode/82293924_02.jpg"",""path"":""Доска строганая 40х146х3000 мм хвоя/82293924_02.jpg"",""checksum"":""e0bc7ab24f529c543cd4f35764a5ccb7""},{""url"":""https://res.cloudinary.com/lmru/image/upload/f_auto,q_auto,w_2000,h_2000,c_pad,b_white,d_photoiscoming.png/LMCode/82293924_tmp.jpg"",""path"":""Доска строганая 40х146х3000 мм хвоя/82293924_tmp.jpg"",""checksum"":""c7f71ff9dc95195150328f453996f624""}]",Планкен прямой  хвоя 20х96х2000 мм сорт Оптима 1 шт. 0.192 м²,"[{""Вес, кг"":""1.5"",""Длина (м)"":""2.0"",""Ширина (мм)"":""96.0"",""Толщина (мм)"":""20.0"",""Порода древесины"":""Сосна, Ель обыкновенная"",""Тип древесины"":""Массив"",""Страна производства"":""Россия""}]",123
5ed413c2f8d8ac174e495099,https://leroymerlin.ru/product/doska-nestroganaya-25x100x6000-mm-xvoya-82375332/,"[{""url"":""https://res.cloudinary.com/lmru/image/upload/f_auto,q_auto,w_2000,h_2000,c_pad,b_white,d_photoiscoming.png/LMCode/82375332.jpg"",""path"":""Доска строганая 40х146х3000 мм хвоя/82375332.jpg"",""checksum"":""824962b84df792b2e49591c5f359e3f7""},{""url"":""https://res.cloudinary.com/lmru/image/upload/f_auto,q_auto,w_2000,h_2000,c_pad,b_white,d_photoiscoming.png/LMCode/82375332_01.jpg"",""path"":""Доска строганая 40х146х3000 мм хвоя/82375332_01.jpg"",""checksum"":""8da4abf74a72745e09648d63c811ca3a""}]",Доска нестроганая 25x100x6000 мм xвоя,"[{""Вес, кг"":""7.5"",""Длина (м)"":""6.0"",""Ширина (мм)"":""100.0"",""Толщина (мм)"":""25.0"",""Порода древесины"":""Сосна, Ель обыкновенная"",""Страна производства"":""Россия""}]",345
5ed413c4f8d8ac174e49509c,https://leroymerlin.ru/product/doska-s-faskoy-43h192h3000-mm-listvennica-sort-optima-81950028/,"[{""url"":""https://res.cloudinary.com/lmru/image/upload/f_auto,q_auto,w_2000,h_2000,c_pad,b_white,d_photoiscoming.png/LMCode/81950028.jpg"",""path"":""Доска строганая 40х146х3000 мм хвоя/81950028.jpg"",""checksum"":""8dd4415600a582f40757911aa4131c91""},{""url"":""https://res.cloudinary.com/lmru/image/upload/f_auto,q_auto,w_2000,h_2000,c_pad,b_white,d_photoiscoming.png/LMCode/81950028_01.jpg"",""path"":""Доска нестроганая 50х100х3000 мм хвоя сорт Оптима/81950028_01.jpg"",""checksum"":""553c11113434aabc689768d9859ca9d0""}]",Доска с фаской 43х192х3000 мм лиственница сорт Оптима,"[{""Страна производства"":""Россия"",""Гарантия (лет)"":""Отсутствует"",""Цвет"":""Бежевый"",""Основной материал"":""Дерево"",""Содержит древесину"":""Да"",""Порода древесины"":""Лиственница"",""Качество древесины (ЛМРУ)"":""Оптима"",""Тип древесины"":""Массив"",""Нескользящая поверхность"":""Нет"",""Влажность (%)"":""18.0"",""Твердость дерева (по Бриннелю)"":""2.5"",""Обработка"":""Камерная сушка"",""Процесс обработки"":""Нет"",""Требуется пропитка"":""Да"",""Требуется защита от"":""Влага"",""Двухсторонний"":""Нет"",""Влагостойкий"":""Нет"",""Применение продукта"":""Бытовой"",""Площадь покрытия продуктом (м²)"":""0.576"",""Толщина (мм)"":""43.0"",""Ширина (см)"":""19.2"",""Длина (см)"":""300.0"",""Тип монтажа"":""Скрытый"",""Укладка на бетон"":""На обрешетку из деревянных брусков"",""Укладка на мягкий грунт"":""На обрешетку из деревянных брусков"",""Расстояние между лагами (см)"":""40"",""Расстояние между креплениями (см)"":""40.0"",""Язык инструкции"":""Русский"",""Язык упаковки"":""Русский"",""Вес, кг"":""16.1"",""Ширина товара в индивидуальной упаковке (см)"":""19.2"",""Высота товара в индивидуальной упаковке (см)"":""4.3"",""Глубина товара в индивидуальной упаковке (см)"":""300.0""}]",1052
5ed413c9f8d8ac174e49509f,https://leroymerlin.ru/product/doska-stroganaya-20h146h2000-mm-hvoya-82134776/,"[{""url"":""https://res.cloudinary.com/lmru/image/upload/f_auto,q_auto,w_2000,h_2000,c_pad,b_white,d_photoiscoming.png/LMCode/82134776.jpg"",""path"":""Доска нестроганая 50х100х6000 мм хвоя сорт Оптима/82134776.jpg"",""checksum"":""c41e48ea6068da190365c97c5b9b1ae0""},{""url"":""https://res.cloudinary.com/lmru/image/upload/f_auto,q_auto,w_2000,h_2000,c_pad,b_white,d_photoiscoming.png/LMCode/82134776_01.jpg"",""path"":""Доска нестроганая 50х100х6000 мм хвоя сорт Оптима/82134776_01.jpg"",""checksum"":""0cdbe56211fc8c03c5e5055610cda918""},{""url"":""https://res.cloudinary.com/lmru/image/upload/f_auto,q_auto,w_2000,h_2000,c_pad,b_white,d_photoiscoming.png/LMCode/82134776_02.jpg"",""path"":""Доска нестроганая 50х100х6000 мм хвоя сорт Оптима/82134776_02.jpg"",""checksum"":""d75f12d0606cbd9f642218ea63e96283""},{""url"":""https://res.cloudinary.com/lmru/image/upload/f_auto,q_auto,w_2000,h_2000,c_pad,b_white,d_photoiscoming.png/LMCode/82134776_03.jpg"",""path"":""Доска импрегнированная 50х200х6000 мм хвоя сорт Оптима/82134776_03.jpg"",""checksum"":""be7b5620f6d86983c4e358b98425a6f9""}]",Доска строганая 20х146х2000 мм хвоя,"[{""Вес, кг"":""2.6"",""Длина (м)"":""2.0"",""Ширина (мм)"":""146.0"",""Толщина (мм)"":""20.0"",""Количество в наборе"":""1"",""Порода древесины"":""Сосна, Ель обыкновенная"",""Страна производства"":""Россия""}]",167
5ed413ccf8d8ac174e4950a1,https://leroymerlin.ru/product/doska-stroganaya-40h146h3000-mm-hvoya-82134779/,"[{""url"":""https://res.cloudinary.com/lmru/image/upload/f_auto,q_auto,w_2000,h_2000,c_pad,b_white,d_photoiscoming.png/LMCode/82134779.jpg"",""path"":""Доска нестроганая 6000х200х50 мм, хвоя/82134779.jpg"",""checksum"":""32a64f534593d5a4333dfc0418c6b90f""},{""url"":""https://res.cloudinary.com/lmru/image/upload/f_auto,q_auto,w_2000,h_2000,c_pad,b_white,d_photoiscoming.png/LMCode/82134779_01.jpg"",""path"":""Доска нестроганая 6000х200х50 мм, хвоя/82134779_01.jpg"",""checksum"":""34a7b2db84987ed685c79bec3d1480ef""}]",Доска строганая 40х146х3000 мм хвоя,"[{""Вес, кг"":""8.1"",""Длина (м)"":""3.0"",""Ширина (мм)"":""146.0"",""Толщина (мм)"":""40.0"",""Порода древесины"":""Ель обыкновенная, Сосна"",""Страна производства"":""Россия""}]",425
5ed413cef8d8ac174e4950a4,https://leroymerlin.ru/product/doska-nestroganaya-50h100h3000-mm-hvoya-sort-optima-81947447/,"[{""url"":""https://res.cloudinary.com/lmru/image/upload/f_auto,q_auto,w_2000,h_2000,c_pad,b_white,d_photoiscoming.png/LMCode/81947447.jpg"",""path"":""Доска нестроганая 6000х200х50 мм, хвоя/81947447.jpg"",""checksum"":""97c3ac9fdc161fec2313222cf17a08c5""},{""url"":""https://res.cloudinary.com/lmru/image/upload/f_auto,q_auto,w_2000,h_2000,c_pad,b_white,d_photoiscoming.png/LMCode/81947447_01.jpg"",""path"":""Доска нестроганая 6000х200х50 мм, хвоя/81947447_01.jpg"",""checksum"":""ffd5501f20e45209b97980c15af09cc0""}]",Доска нестроганая 50х100х3000 мм хвоя сорт Оптима,"[{""Вес, кг"":""7.5"",""Длина (м)"":""3.0"",""Ширина (мм)"":""100.0"",""Толщина (мм)"":""50.0"",""Порода древесины"":""Сосна, Ель обыкновенная"",""Тип древесины"":""Массив"",""Страна производства"":""Россия""}]",345
5ed413d0f8d8ac174e4950a7,https://leroymerlin.ru/product/doska-nestroganaya-50h100h6000-mm-hvoya-sort-optima-81947449/,"[{""url"":""https://res.cloudinary.com/lmru/image/upload/f_auto,q_auto,w_2000,h_2000,c_pad,b_white,d_photoiscoming.png/LMCode/81947449.jpg"",""path"":""Доска нестроганая 6000х200х50 мм, хвоя/81947449.jpg"",""checksum"":""824962b84df792b2e49591c5f359e3f7""},{""url"":""https://res.cloudinary.com/lmru/image/upload/f_auto,q_auto,w_2000,h_2000,c_pad,b_white,d_photoiscoming.png/LMCode/81947449_01.jpg"",""path"":""Доска строганая 23х98х1500 мм лиственница/81947449_01.jpg"",""checksum"":""8da4abf74a72745e09648d63c811ca3a""}]",Доска нестроганая 50х100х6000 мм хвоя сорт Оптима,"[{""Вес, кг"":""15.0"",""Длина (м)"":""6.0"",""Ширина (мм)"":""100.0"",""Толщина (мм)"":""50.0"",""Порода древесины"":""Сосна, Ель обыкновенная"",""Тип древесины"":""Массив"",""Страна производства"":""Россия""}]",708
5ed413d6f8d8ac174e4950a9,https://leroymerlin.ru/product/doska-impregnirovannaya-50h200h6000-mm-hvoya-sort-optima-82090037/,"[{""url"":""https://res.cloudinary.com/lmru/image/upload/f_auto,q_auto,w_2000,h_2000,c_pad,b_white,d_photoiscoming.png/LMCode/82090037.jpg"",""path"":""Доска строганая 23х98х1500 мм лиственница/82090037.jpg"",""checksum"":""4ed81dfa9b3701f50191ed0abf6d6da0""},{""url"":""https://res.cloudinary.com/lmru/image/upload/f_auto,q_auto,w_2000,h_2000,c_pad,b_white,d_photoiscoming.png/LMCode/82090037_01.jpg"",""path"":""Доска строганая 23х98х1500 мм лиственница/82090037_01.jpg"",""checksum"":""d384594fdccc60c866c7138b92261962""},{""url"":""https://res.cloudinary.com/lmru/image/upload/f_auto,q_auto,w_2000,h_2000,c_pad,b_white,d_photoiscoming.png/LMCode/82090037_02.jpg"",""path"":""Палубная доска лиственница 28х120х2000 мм сорт Норма 1 шт 0.24 м²/82090037_02.jpg"",""checksum"":""c197b96f026c90fea177d8a2c04ef070""},{""url"":""https://res.cloudinary.com/lmru/image/upload/f_auto,q_auto,w_2000,h_2000,c_pad,b_white,d_photoiscoming.png/LMCode/82090037_03.jpg"",""path"":""Доска с фаской, 20х90х3000 мм, лиственница/82090037_03.jpg"",""checksum"":""33f0846846bdbe9ea3861f6c73f03de6""}]",Доска импрегнированная 50х200х6000 мм хвоя сорт Оптима,"[{""Вес, кг"":""42.0"",""Длина (м)"":""6.0"",""Ширина (мм)"":""200.0"",""Толщина (мм)"":""50.0"",""Количество в наборе"":""1"",""Порода древесины"":""Сосна, Ель обыкновенная"",""Тип древесины"":""Массив""}]",1924
5ed413d8f8d8ac174e4950ac,https://leroymerlin.ru/product/doska-nestroganaya-6000h200h50-mm-82120489/,"[{""url"":""https://res.cloudinary.com/lmru/image/upload/f_auto,q_auto,w_2000,h_2000,c_pad,b_white,d_photoiscoming.png/LMCode/82120489.jpg"",""path"":""Доска нестроганая 50х150х3000 мм хвоя сорт Оптима/82120489.jpg"",""checksum"":""824962b84df792b2e49591c5f359e3f7""},{""url"":""https://res.cloudinary.com/lmru/image/upload/f_auto,q_auto,w_2000,h_2000,c_pad,b_white,d_photoiscoming.png/LMCode/82120489_01.jpg"",""path"":""Доска нестроганая 50х150х3000 мм хвоя сорт Оптима/82120489_01.jpg"",""checksum"":""8da4abf74a72745e09648d63c811ca3a""}]","Доска нестроганая 6000х200х50 мм, хвоя","[{""Вес, кг"":""27.0"",""Длина (м)"":""6.0"",""Ширина (мм)"":""200.0"",""Толщина (мм)"":""50.0"",""Порода древесины"":""Сосна, Ель обыкновенная"",""Страна производства"":""Россия""}]",1487
5ed413daf8d8ac174e4950af,https://leroymerlin.ru/product/doska-stroganaya-23h98h1500-mm-listvennica-81949784/,"[{""url"":""https://res.cloudinary.com/lmru/image/upload/f_auto,q_auto,w_2000,h_2000,c_pad,b_white,d_photoiscoming.png/LMCode/81949784.jpg"",""path"":""Доска нестроганая 50х150х3000 мм хвоя сорт Оптима/81949784.jpg"",""checksum"":""11c744625a2afa34fae7775c6eb056f7""},{""url"":""https://res.cloudinary.com/lmru/image/upload/f_auto,q_auto,w_2000,h_2000,c_pad,b_white,d_photoiscoming.png/LMCode/81949784_01.jpg"",""path"":""Доска нестроганая 50х150х3000 мм хвоя сорт Оптима/81949784_01.jpg"",""checksum"":""e7e505dec5ce7318d94a1f707d6402b7""}]",Доска строганая 23х98х1500 мм лиственница,"[{""Вес, кг"":""2.7"",""Длина (м)"":""1.5"",""Ширина (мм)"":""98.0"",""Толщина (мм)"":""23.0"",""Количество в наборе"":""1"",""Порода древесины"":""Лиственница"",""Тип древесины"":""Массив"",""Страна производства"":""Россия""}]",150
5ed413ddf8d8ac174e4950b1,https://leroymerlin.ru/product/palubnaya-doska-listvennica-28h120h2000-mm-sort-norma-1-sht-0-24-m-82298926/,"[{""url"":""https://res.cloudinary.com/lmru/image/upload/f_auto,q_auto,w_2000,h_2000,c_pad,b_white,d_photoiscoming.png/LMCode/82298926.jpg"",""path"":""Доска нестроганая 50х150х3000 мм хвоя сорт Оптима/82298926.jpg"",""checksum"":""c0f34575c622086fa570c484a3b6570c""},{""url"":""https://res.cloudinary.com/lmru/image/upload/f_auto,q_auto,w_2000,h_2000,c_pad,b_white,d_photoiscoming.png/LMCode/82298926_01.jpg"",""path"":""Доска нестроганая 50х150х3000 мм хвоя сорт Оптима/82298926_01.jpg"",""checksum"":""b4f559dadd913a42cfab4854e2a57b25""}]",Палубная доска лиственница 28х120х2000 мм сорт Норма 1 шт 0.24 м²,"[{""Страна производства"":""Россия"",""Гарантия (лет)"":""Отсутствует"",""Цвет"":""Бежевый"",""Основной материал"":""Дерево"",""Содержит древесину"":""Да"",""Упаковка (м²)"":""0.24"",""Порода древесины"":""Лиственница"",""Качество древесины (ЛМРУ)"":""Норма"",""Тип древесины"":""Массив"",""Нескользящая поверхность"":""Нет"",""Влажность (%)"":""18.0"",""Твердость дерева (по Бриннелю)"":""2.5"",""Обработка"":""Камерная сушка"",""Требуется пропитка"":""Да"",""Требуется защита от"":""Влага"",""Двухсторонний"":""Нет"",""Влагостойкий"":""Нет"",""Применение продукта"":""Бытовой"",""Количество в наборе"":""1"",""Площадь покрытия продуктом (м²)"":""0.24"",""Толщина (мм)"":""28.0"",""Ширина (см)"":""12.0"",""Длина (см)"":""200.0"",""Тип монтажа"":""Скрытый"",""Укладка на бетон"":""На обрешетку из деревянных брусков"",""Укладка на мягкий грунт"":""На обрешетку из деревянных брусков"",""Расстояние между лагами (см)"":""40"",""Расстояние между креплениями (см)"":""40.0"",""Язык инструкции"":""Русский"",""Язык упаковки"":""Русский"",""Вес, кг"":""5.0"",""Ширина товара в индивидуальной упаковке (см)"":""12.0"",""Высота товара в индивидуальной упаковке (см)"":""2.8"",""Глубина товара в индивидуальной упаковке (см)"":""200.0""}]",188
5ed413e2f8d8ac174e4950b4,https://leroymerlin.ru/product/doska-shtaketnik-impregnirovannaya-15x90h2000-mm-hvoya-sort-optima-82299401/,"[{""url"":""https://res.cloudinary.com/lmru/image/upload/f_auto,q_auto,w_2000,h_2000,c_pad,b_white,d_photoiscoming.png/LMCode/82299401.jpg"",""path"":""Доска нестроганая 50х150х3000 мм хвоя сорт Оптима/82299401.jpg"",""checksum"":""8c711aca6964fdf61bec2b6235ec7547""},{""url"":""https://res.cloudinary.com/lmru/image/upload/f_auto,q_auto,w_2000,h_2000,c_pad,b_white,d_photoiscoming.png/LMCode/82299401_01.jpg"",""path"":""Доска строганая 23х98х2000 мм лиственница/82299401_01.jpg"",""checksum"":""ea511ec7574610222e2e6143091db94c""},{""url"":""https://res.cloudinary.com/lmru/image/upload/f_auto,q_auto,w_2000,h_2000,c_pad,b_white,d_photoiscoming.png/LMCode/82299401_02.jpg"",""path"":""Доска импрегнированная 50Х150Х6000 мм хвоя сорт Оптима/82299401_02.jpg"",""checksum"":""3a3bb72fe17042df6673b7354f9bac99""},{""url"":""https://res.cloudinary.com/lmru/image/upload/f_auto,q_auto,w_2000,h_2000,c_pad,b_white,d_photoiscoming.png/LMCode/82299401_03.jpg"",""path"":""Доска импрегнированная 50Х150Х6000 мм хвоя сорт Оптима/82299401_03.jpg"",""checksum"":""33f0846846bdbe9ea3861f6c73f03de6""}]",Доска штакетник импрегнированная 15x90х2000 мм хвоя сорт Оптима,"[{""Вес, кг"":""1.75"",""Длина (м)"":""2.0"",""Ширина (мм)"":""90.0"",""Толщина (мм)"":""15.0"",""Количество в наборе"":""1"",""Порода древесины"":""Сосна, Ель обыкновенная"",""Тип древесины"":""Массив"",""Страна производства"":""Россия""}]",152
5ed413e4f8d8ac174e4950b7,https://leroymerlin.ru/product/doska-s-faskoy-82010675/,"[{""url"":""https://res.cloudinary.com/lmru/image/upload/f_auto,q_auto,w_2000,h_2000,c_pad,b_white,d_photoiscoming.png/LMCode/82010675.jpg"",""path"":""Доска импрегнированная 50Х150Х6000 мм хвоя сорт Оптима/82010675.jpg"",""checksum"":""957f537862a5c1721b399b7b3e8d9085""},{""url"":""https://res.cloudinary.com/lmru/image/upload/f_auto,q_auto,w_2000,h_2000,c_pad,b_white,d_photoiscoming.png/LMCode/82010675_01.jpg"",""path"":""Доска импрегнированная 50Х150Х6000 мм хвоя сорт Оптима/82010675_01.jpg"",""checksum"":""98f7d1eeabec3ad223ed6d54f2f7d864""}]","Доска с фаской, 20х90х3000 мм, лиственница","[{""Вес, кг"":""4"",""Длина (м)"":""3.0"",""Ширина (мм)"":""90.0"",""Толщина (мм)"":""20.0"",""Количество в наборе"":""1"",""Порода древесины"":""Лиственница"",""Страна производства"":""Россия""}]",254
5ed413e7f8d8ac174e4950b9,https://leroymerlin.ru/product/doska-nestroganaya-50h150h3000-mm-hvoya-sort-optima-81947448/,"[{""url"":""https://res.cloudinary.com/lmru/image/upload/f_auto,q_auto,w_2000,h_2000,c_pad,b_white,d_photoiscoming.png/LMCode/81947448.jpg"",""path"":""Доска импрегнированная 50Х150Х6000 мм хвоя сорт Оптима/81947448.jpg"",""checksum"":""5bf7923fd64f7d5ef69d48a901d267c4""},{""url"":""https://res.cloudinary.com/lmru/image/upload/f_auto,q_auto,w_2000,h_2000,c_pad,b_white,d_photoiscoming.png/LMCode/81947448_01.jpg"",""path"":""Доска импрегнированная 50Х150Х6000 мм хвоя сорт Оптима/81947448_01.jpg"",""checksum"":""75cc722bf914538e108394d83425eca9""}]",Доска нестроганая 50х150х3000 мм хвоя сорт Оптима,"[{""Вес, кг"":""11.25"",""Длина (м)"":""3.0"",""Ширина (мм)"":""150.0"",""Толщина (мм)"":""50.0"",""Порода древесины"":""Сосна, Ель обыкновенная"",""Тип древесины"":""Массив"",""Страна производства"":""Россия""}]",465
5ed413e9f8d8ac174e4950bb,https://leroymerlin.ru/product/doska-stroganaya-23h98h2000-mm-listvennica-81949785/,"[{""url"":""https://res.cloudinary.com/lmru/image/upload/f_auto,q_auto,w_2000,h_2000,c_pad,b_white,d_photoiscoming.png/LMCode/81949785.jpg"",""path"":""Доска с фаской 43х140х3000 мм лиственница сорт Оптима/81949785.jpg"",""checksum"":""a8a9d47ff5a4810d33d68db8d0373db9""},{""url"":""https://res.cloudinary.com/lmru/image/upload/f_auto,q_auto,w_2000,h_2000,c_pad,b_white,d_photoiscoming.png/LMCode/81949785_01.jpg"",""path"":""Доска с фаской, 20х90х2000 мм, лиственница/81949785_01.jpg"",""checksum"":""f5b4b892c0618625210f09e2b699c3cd""}]",Доска строганая 23х98х2000 мм лиственница,"[{""Вес, кг"":""3.0"",""Длина (м)"":""2.0"",""Ширина (мм)"":""98.0"",""Толщина (мм)"":""23.0"",""Количество в наборе"":""1"",""Порода древесины"":""Лиственница"",""Тип древесины"":""Массив"",""Страна производства"":""Россия""}]",197
5ed413eff8d8ac174e4950bf,https://leroymerlin.ru/product/doska-impregnirovannaya-50h150h6000-mm-hvoya-sort-optima-82017580/,"[{""url"":""https://res.cloudinary.com/lmru/image/upload/f_auto,q_auto,w_2000,h_2000,c_pad,b_white,d_photoiscoming.png/LMCode/82017580.jpg"",""path"":""Доска с фаской, 20х90х2000 мм, лиственница/82017580.jpg"",""checksum"":""c2ee2261c3c1104b5bfe7d7016f4ecb0""},{""url"":""https://res.cloudinary.com/lmru/image/upload/f_auto,q_auto,w_2000,h_2000,c_pad,b_white,d_photoiscoming.png/LMCode/82017580_01.jpg"",""path"":""Доска с фаской, 20х90х2000 мм, лиственница/82017580_01.jpg"",""checksum"":""4aaf7d275cb9911025f0d549e3934c1a""},{""url"":""https://res.cloudinary.com/lmru/image/upload/f_auto,q_auto,w_2000,h_2000,c_pad,b_white,d_photoiscoming.png/LMCode/82017580_02.jpg"",""path"":""Доска с фаской, 20х90х2000 мм, лиственница/82017580_02.jpg"",""checksum"":""30977af04b7c00d4a40dd2bc7c743826""},{""url"":""https://res.cloudinary.com/lmru/image/upload/f_auto,q_auto,w_2000,h_2000,c_pad,b_white,d_photoiscoming.png/LMCode/82017580_03.jpg"",""path"":""Доска с фаской, 20х90х2000 мм, лиственница/82017580_03.jpg"",""checksum"":""33f0846846bdbe9ea3861f6c73f03de6""},{""url"":""https://res.cloudinary.com/lmru/image/upload/f_auto,q_auto,w_2000,h_2000,c_pad,b_white,d_photoiscoming.png/LMCode/82017580_tmp.jpg"",""path"":""Палубная доска лиственница 28х120х2000 мм сорт Оптима 1 шт 0.24 м²/82017580_tmp.jpg"",""checksum"":""efccea33e52145030ebca8a911b806a3""}]",Доска импрегнированная 50Х150Х6000 мм хвоя сорт Оптима,"[{""Вес, кг"":""31.5"",""Длина (м)"":""6.0"",""Ширина (мм)"":""150.0"",""Толщина (мм)"":""50.0"",""Количество в наборе"":""1"",""Порода древесины"":""Сосна, Ель обыкновенная"",""Тип древесины"":""Массив"",""Страна производства"":""Россия""}]",1444
5ed413f2f8d8ac174e4950c1,https://leroymerlin.ru/product/doska-s-faskoy-43h140h3000-mm-listvennica-sort-optima-81950026/,"[{""url"":""https://res.cloudinary.com/lmru/image/upload/f_auto,q_auto,w_2000,h_2000,c_pad,b_white,d_photoiscoming.png/LMCode/81950026.jpg"",""path"":""Доска нестроганая 25х100х3000 мм хвоя сорт Оптима/81950026.jpg"",""checksum"":""ff56959d3c1368e4e1c86ceeebc094bd""},{""url"":""https://res.cloudinary.com/lmru/image/upload/f_auto,q_auto,w_2000,h_2000,c_pad,b_white,d_photoiscoming.png/LMCode/81950026_01.jpg"",""path"":""Доска нестроганая 25х100х3000 мм хвоя сорт Оптима/81950026_01.jpg"",""checksum"":""6ec8ca02e44f8a2f68f5cffd7f96b832""}]",Доска с фаской 43х140х3000 мм лиственница сорт Оптима,"[{""Страна производства"":""Россия"",""Гарантия (лет)"":""Отсутствует"",""Цвет"":""Бежевый"",""Основной материал"":""Дерево"",""Содержит древесину"":""Да"",""Порода древесины"":""Лиственница"",""Качество древесины (ЛМРУ)"":""Оптима"",""Тип древесины"":""Массив"",""Нескользящая поверхность"":""Нет"",""Влажность (%)"":""18.0"",""Твердость дерева (по Бриннелю)"":""2.5"",""Обработка"":""Камерная сушка"",""Процесс обработки"":""Нет"",""Требуется пропитка"":""Да"",""Требуется защита от"":""Влага"",""Двухсторонний"":""Нет"",""Влагостойкий"":""Нет"",""Применение продукта"":""Бытовой"",""Площадь покрытия продуктом (м²)"":""0.42"",""Толщина (мм)"":""43.0"",""Длина (см)"":""300.0"",""Тип монтажа"":""Скрытый"",""Укладка на бетон"":""На обрешетку из деревянных брусков"",""Укладка на мягкий грунт"":""На обрешетку из деревянных брусков"",""Расстояние между лагами (см)"":""40"",""Расстояние между креплениями (см)"":""40.0"",""Язык инструкции"":""Русский"",""Язык упаковки"":""Русский"",""Вес, кг"":""11.74"",""Ширина товара в индивидуальной упаковке (см)"":""14.0"",""Высота товара в индивидуальной упаковке (см)"":""4.3"",""Глубина товара в индивидуальной упаковке (см)"":""300.0""}]",766
5ed413f6f8d8ac174e4950c4,https://leroymerlin.ru/product/doska-s-faskoy-82010676/,"[{""url"":""https://res.cloudinary.com/lmru/image/upload/f_auto,q_auto,w_2000,h_2000,c_pad,b_white,d_photoiscoming.png/LMCode/82010676.jpg"",""path"":""Доска нестроганая 25х100х3000 мм хвоя сорт Оптима/82010676.jpg"",""checksum"":""306123aefd37022769c5fa3621322166""},{""url"":""https://res.cloudinary.com/lmru/image/upload/f_auto,q_auto,w_2000,h_2000,c_pad,b_white,d_photoiscoming.png/LMCode/82010676_01.jpg"",""path"":""Палубная доска лиственница 28х120х3000 мм сорт Оптима 1 шт 0.36 м²/82010676_01.jpg"",""checksum"":""2857573d3de882edd57cdecec2c0e1fe""},{""url"":""https://res.cloudinary.com/lmru/image/upload/f_auto,q_auto,w_2000,h_2000,c_pad,b_white,d_photoiscoming.png/LMCode/82010676_02.jpg"",""path"":""Доска строганая 20х146х2000 мм хвоя сорт Оптима/82010676_02.jpg"",""checksum"":""b1c8b3adc8670a6c8937f2b96780d403""},{""url"":""https://res.cloudinary.com/lmru/image/upload/f_auto,q_auto,w_2000,h_2000,c_pad,b_white,d_photoiscoming.png/LMCode/82010676_03.jpg"",""path"":""Доска строганая 20х146х2000 мм хвоя сорт Оптима/82010676_03.jpg"",""checksum"":""4293ed8821ae358ff0d3f6b6ba26af14""}]","Доска с фаской, 20х90х2000 мм, лиственница","[{""Вес, кг"":""1.93"",""Длина (м)"":""2.0"",""Ширина (мм)"":""90.0"",""Толщина (мм)"":""20.0"",""Количество в наборе"":""1"",""Порода древесины"":""Лиственница"",""Страна производства"":""Россия""}]",157
5ed413f8f8d8ac174e4950c7,https://leroymerlin.ru/product/palubnaya-doska-listvennica-28h120h2000-mm-sort-optima-1-sht-0-24-m-82010677/,"[{""url"":""https://res.cloudinary.com/lmru/image/upload/f_auto,q_auto,w_2000,h_2000,c_pad,b_white,d_photoiscoming.png/LMCode/82010677.jpg"",""path"":""Доска строганая 20х146х2000 мм хвоя сорт Оптима/82010677.jpg"",""checksum"":""e6b7fc72d3c342a3084656de1e30036e""},{""url"":""https://res.cloudinary.com/lmru/image/upload/f_auto,q_auto,w_2000,h_2000,c_pad,b_white,d_photoiscoming.png/LMCode/82010677_i.jpg"",""path"":""Доска строганая 20х146х3000 мм хвоя сорт Оптима/82010677_i.jpg"",""checksum"":""5fbacf891da6f6ada86664a913834a79""}]",Палубная доска лиственница 28х120х2000 мм сорт Оптима 1 шт 0.24 м²,"[{""Страна производства"":""Россия"",""Гарантия (лет)"":""Отсутствует"",""Цвет"":""Бежевый"",""Основной материал"":""Дерево"",""Содержит древесину"":""Да"",""Упаковка (м²)"":""0.24"",""Порода древесины"":""Лиственница"",""Качество древесины (ЛМРУ)"":""Оптима"",""Тип древесины"":""Массив"",""Нескользящая поверхность"":""Нет"",""Влажность (%)"":""18.0"",""Твердость дерева (по Бриннелю)"":""2.5"",""Обработка"":""Камерная сушка"",""Требуется пропитка"":""Да"",""Требуется защита от"":""Влага"",""Двухсторонний"":""Нет"",""Влагостойкий"":""Нет"",""Применение продукта"":""Бытовой"",""Количество в наборе"":""1"",""Площадь покрытия продуктом (м²)"":""0.24"",""Толщина (мм)"":""28.0"",""Ширина (см)"":""12.0"",""Длина (см)"":""200.0"",""Тип монтажа"":""Скрытый"",""Укладка на бетон"":""На обрешетку из деревянных брусков"",""Укладка на мягкий грунт"":""На обрешетку из деревянных брусков"",""Расстояние между лагами (см)"":""40"",""Расстояние между креплениями (см)"":""40.0"",""Язык инструкции"":""Русский"",""Язык упаковки"":""Русский"",""Вес, кг"":""4.21"",""Ширина товара в индивидуальной упаковке (см)"":""11.9"",""Высота товара в индивидуальной упаковке (см)"":""2.7"",""Глубина товара в индивидуальной упаковке (см)"":""200.3""}]",311
5ed413fbf8d8ac174e4950c9,https://leroymerlin.ru/product/doska-nestroganaya-25h100h3000-mm-hvoya-sort-optima-81947445/,"[{""url"":""https://res.cloudinary.com/lmru/image/upload/f_auto,q_auto,w_2000,h_2000,c_pad,b_white,d_photoiscoming.png/LMCode/81947445.jpg"",""path"":""Доска строганая 40х146х3000 мм хвоя сорт Оптима/81947445.jpg"",""checksum"":""824962b84df792b2e49591c5f359e3f7""},{""url"":""https://res.cloudinary.com/lmru/image/upload/f_auto,q_auto,w_2000,h_2000,c_pad,b_white,d_photoiscoming.png/LMCode/81947445_01.jpg"",""path"":""Доска строганая 40х146х3000 мм хвоя сорт Оптима/81947445_01.jpg"",""checksum"":""8da4abf74a72745e09648d63c811ca3a""}]",Доска нестроганая 25х100х3000 мм хвоя сорт Оптима,"[{""Вес, кг"":""3.75"",""Длина (м)"":""3.0"",""Ширина (мм)"":""100.0"",""Толщина (мм)"":""25.0"",""Порода древесины"":""Сосна, Ель обыкновенная"",""Тип древесины"":""Массив"",""Страна производства"":""Россия""}]",175
5ed413fdf8d8ac174e4950cb,https://leroymerlin.ru/product/palubnaya-doska-listvennica-28h120h3000-mm-sort-optima-1-sht-0-36-m-82010678/,"[{""url"":""https://res.cloudinary.com/lmru/image/upload/f_auto,q_auto,w_2000,h_2000,c_pad,b_white,d_photoiscoming.png/LMCode/82010678.jpg"",""path"":""Доска строганая 40х146х3000 мм хвоя сорт Оптима/82010678.jpg"",""checksum"":""e6b7fc72d3c342a3084656de1e30036e""},{""url"":""https://res.cloudinary.com/lmru/image/upload/f_auto,q_auto,w_2000,h_2000,c_pad,b_white,d_photoiscoming.png/LMCode/82010678_i.jpg"",""path"":""Доска строганая 20х96х2000 мм хвоя сорт Оптима/82010678_i.jpg"",""checksum"":""5fbacf891da6f6ada86664a913834a79""}]",Палубная доска лиственница 28х120х3000 мм сорт Оптима 1 шт 0.36 м²,"[{""Страна производства"":""Россия"",""Гарантия (лет)"":""Отсутствует"",""Цвет"":""Бежевый"",""Основной материал"":""Дерево"",""Содержит древесину"":""Да"",""Упаковка (м²)"":""0.36"",""Порода древесины"":""Лиственница"",""Качество древесины (ЛМРУ)"":""Оптима"",""Тип древесины"":""Массив"",""Нескользящая поверхность"":""Нет"",""Влажность (%)"":""18.0"",""Твердость дерева (по Бриннелю)"":""2.5"",""Обработка"":""Камерная сушка"",""Требуется пропитка"":""Да"",""Требуется защита от"":""Влага"",""Двухсторонний"":""Нет"",""Влагостойкий"":""Нет"",""Применение продукта"":""Бытовой"",""Количество в наборе"":""1"",""Площадь покрытия продуктом (м²)"":""0.36"",""Толщина (мм)"":""28.0"",""Ширина (см)"":""12.0"",""Длина (см)"":""300.0"",""Тип монтажа"":""Скрытый"",""Укладка на бетон"":""На обрешетку из деревянных брусков"",""Укладка на мягкий грунт"":""На обрешетку из деревянных брусков"",""Расстояние между лагами (см)"":""40"",""Расстояние между креплениями (см)"":""40.0"",""Язык инструкции"":""Русский"",""Язык упаковки"":""Русский"",""Вес, кг"":""6.325"",""Ширина товара в индивидуальной упаковке (см)"":""11.7"",""Высота товара в индивидуальной упаковке (см)"":""2.8"",""Глубина товара в индивидуальной упаковке (см)"":""301""}]",494
5ed41400f8d8ac174e4950ce,https://leroymerlin.ru/product/doska-stroganaya-20h146h2000-mm-hvoya-sort-optima-81947453/,"[{""url"":""https://res.cloudinary.com/lmru/image/upload/f_auto,q_auto,w_2000,h_2000,c_pad,b_white,d_photoiscoming.png/LMCode/81947453.jpg"",""path"":""Доска строганая 40х96х3000 мм хвоя сорт Оптима/81947453.jpg"",""checksum"":""6a025d4380f7af8100e1f5c3129ac3fc""},{""url"":""https://res.cloudinary.com/lmru/image/upload/f_auto,q_auto,w_2000,h_2000,c_pad,b_white,d_photoiscoming.png/LMCode/81947453_01.jpg"",""path"":""Доска строганая 40х96х3000 мм хвоя сорт Оптима/81947453_01.jpg"",""checksum"":""917981be4d9b500515220e7f918074c5""}]",Доска строганая 20х146х2000 мм хвоя сорт Оптима,"[{""Вес, кг"":""2.63"",""Длина (м)"":""2.0"",""Ширина (мм)"":""146.0"",""Толщина (мм)"":""20.0"",""Порода древесины"":""Сосна, Ель обыкновенная"",""Тип древесины"":""Массив"",""Страна производства"":""Россия""}]",167
5ed41402f8d8ac174e4950d1,https://leroymerlin.ru/product/doska-stroganaya-20h146h3000-mm-hvoya-sort-optima-81947454/,"[{""url"":""https://res.cloudinary.com/lmru/image/upload/f_auto,q_auto,w_2000,h_2000,c_pad,b_white,d_photoiscoming.png/LMCode/81947454.jpg"",""path"":""Доска строганая 40х96х3000 мм хвоя сорт Оптима/81947454.jpg"",""checksum"":""63b017edd752df2ebd2ef0dbcbd3c8c5""},{""url"":""https://res.cloudinary.com/lmru/image/upload/f_auto,q_auto,w_2000,h_2000,c_pad,b_white,d_photoiscoming.png/LMCode/81947454_01.jpg"",""path"":""Доска строганая 40х96х3000 мм хвоя сорт Оптима/81947454_01.jpg"",""checksum"":""8fe7d86c949aed764a4f6dd729f07f6b""}]",Доска строганая 20х146х3000 мм хвоя сорт Оптима,"[{""Вес, кг"":""3.94"",""Длина (м)"":""3.0"",""Ширина (мм)"":""146.0"",""Толщина (мм)"":""20.0"",""Порода древесины"":""Сосна, Ель обыкновенная"",""Страна производства"":""Россия""}]",248
5ed41405f8d8ac174e4950d3,https://leroymerlin.ru/product/doska-stroganaya-40h146h3000-mm-hvoya-sort-optima-81947456/,"[{""url"":""https://res.cloudinary.com/lmru/image/upload/f_auto,q_auto,w_2000,h_2000,c_pad,b_white,d_photoiscoming.png/LMCode/81947456.jpg"",""path"":""Доска строганая 40х96х3000 мм хвоя сорт Оптима/81947456.jpg"",""checksum"":""50761907d4ebda08a8ab2c5693122fec""},{""url"":""https://res.cloudinary.com/lmru/image/upload/f_auto,q_auto,w_2000,h_2000,c_pad,b_white,d_photoiscoming.png/LMCode/81947456_01.jpg"",""path"":""Доска строганая 40х96х3000 мм хвоя сорт Оптима/81947456_01.jpg"",""checksum"":""dc16228e2d1d883fcb907243ad28890d""}]",Доска строганая 40х146х3000 мм хвоя сорт Оптима,"[{""Вес, кг"":""7.88"",""Длина (м)"":""3.0"",""Ширина (мм)"":""146.0"",""Толщина (мм)"":""40.0"",""Порода древесины"":""Сосна, Ель обыкновенная"",""Тип древесины"":""Массив"",""Страна производства"":""Россия""}]",425
5ed41408f8d8ac174e4950d5,https://leroymerlin.ru/product/doska-stroganaya-20h96h2000-mm-hvoya-sort-optima-81947451/,"[{""url"":""https://res.cloudinary.com/lmru/image/upload/f_auto,q_auto,w_2000,h_2000,c_pad,b_white,d_photoiscoming.png/LMCode/81947451.jpg"",""path"":""Доска строганая 40х96х3000 мм хвоя сорт Оптима/81947451.jpg"",""checksum"":""3d547004b0f1c534df92e044d5a99eb6""},{""url"":""https://res.cloudinary.com/lmru/image/upload/f_auto,q_auto,w_2000,h_2000,c_pad,b_white,d_photoiscoming.png/LMCode/81947451_01.jpg"",""path"":""Доска строганая 40х96х3000 мм хвоя сорт Оптима/81947451_01.jpg"",""checksum"":""48e0680a865ffc2c837cdb712dd849e0""}]",Доска строганая 20х96х2000 мм хвоя сорт Оптима,"[{""Вес, кг"":""1.88"",""Длина (м)"":""2.0"",""Ширина (мм)"":""96.0"",""Толщина (мм)"":""20.0"",""Порода древесины"":""Сосна, Ель обыкновенная"",""Тип древесины"":""Массив"",""Страна производства"":""Россия""}]",90
5ed4140af8d8ac174e4950d8,https://leroymerlin.ru/product/doska-stroganaya-40h96h3000-mm-hvoya-sort-optima-81947455/,"[{""url"":""https://res.cloudinary.com/lmru/image/upload/f_auto,q_auto,w_2000,h_2000,c_pad,b_white,d_photoiscoming.png/LMCode/81947455.jpg"",""path"":""Доска строганая 40х96х3000 мм хвоя сорт Оптима/81947455.jpg"",""checksum"":""db529213d2bdbbd9a5ef4a638bb2ab9c""},{""url"":""https://res.cloudinary.com/lmru/image/upload/f_auto,q_auto,w_2000,h_2000,c_pad,b_white,d_photoiscoming.png/LMCode/81947455_01.jpg"",""path"":""Доска строганая 40х96х3000 мм хвоя сорт Оптима/81947455_01.jpg"",""checksum"":""e5748d4ada2a857efeb8a3df322ec615""}]",Доска строганая 40х96х3000 мм хвоя сорт Оптима,"[{""Вес, кг"":""5.18"",""Длина (м)"":""3.0"",""Ширина (мм)"":""96.0"",""Толщина (мм)"":""40.0"",""Порода древесины"":""Сосна, Ель обыкновенная"",""Тип древесины"":""Массив"",""Страна производства"":""Россия""}]",268